"REF_DATE","GEO","DGUID","Labour force characteristics","Gender","Age group","UOM","UOM_ID","SCALAR_FACTOR","SCALAR_ID","VECTOR","COORDINATE","VALUE","STATUS","SYMBOL","TERMINATED","DECIMALS"
"2020","Canada","2021A000011124","Unemployment rate","Total - Gender","15 years and over","Percent","239","units","0","v1063541804","1.8.1.1","9.7","","","","1"
"2021","Canada","2021A000011124","Unemployment rate","Total - Gender","15 years and over","Percent","239","units","0","v1063541804","1.8.1.1","7.5","","","","1"
"2022","Canada","2021A000011124","Unemployment rate","Total - Gender","15 years and over","Percent","239","units","0","v1063541804","1.8.1.1","5.3","","","","1"
"2023","Canada","2021A000011124","Unemployment rate","Total - Gender","15 years and over","Percent","239","units","0","v1063541804","1.8.1.1","5.4","","","","1"
"2024","Canada","2021A000011124","Unemployment rate","Total - Gender","15 years and over","Percent","239","units","0","v1063541804","1.8.1.1","6.3","","","","1"
"2020","Canada","2021A000011124","Unemployment rate","Men+","15 years and over","Percent","239","units","0","v1063541826","1.8.2.1","9.8","","","","1"
"2021","Canada","2021A000011124","Unemployment rate","Men+","15 years and over","Percent","239","units","0","v1063541826","1.8.2.1","7.7","","","","1"
"2022","Canada","2021A000011124","Unemployment rate","Men+","15 years and over","Percent","239","units","0","v1063541826","1.8.2.1","5.4","","","","1"
"2023","Canada","2021A000011124","Unemployment rate","Men+","15 years and over","Percent","239","units","0","v1063541826","1.8.2.1","5.5","","","","1"
"2024","Canada","2021A000011124","Unemployment rate","Men+","15 years and over","Percent","239","units","0","v1063541826","1.8.2.1","6.7","","","","1"
"2020","Canada","2021A000011124","Unemployment rate","Women+","15 years and over","Percent","239","units","0","v1063541848","1.8.3.1","9.5","","","","1"
"2021","Canada","2021A000011124","Unemployment rate","Women+","15 years and over","Percent","239","units","0","v1063541848","1.8.3.1","7.3","","","","1"
"2022","Canada","2021A000011124","Unemployment rate","Women+","15 years and over","Percent","239","units","0","v1063541848","1.8.3.1","5.1","","","","1"
"2023","Canada","2021A000011124","Unemployment rate","Women+","15 years and over","Percent","239","units","0","v1063541848","1.8.3.1","5.2","","","","1"
"2024","Canada","2021A000011124","Unemployment rate","Women+","15 years and over","Percent","239","units","0","v1063541848","1.8.3.1","6.0","","","","1"
"2020","Canada","2021A000011124","Participation rate","Total - Gender","15 years and over","Percent","239","units","0","v1063541870","1.9.1.1","64.4","","","","1"
"2021","Canada","2021A000011124","Participation rate","Total - Gender","15 years and over","Percent","239","units","0","v1063541870","1.9.1.1","65.5","","","","1"
"2022","Canada","2021A000011124","Participation rate","Total - Gender","15 years and over","Percent","239","units","0","v1063541870","1.9.1.1","65.5","","","","1"
"2023","Canada","2021A000011124","Participation rate","Total - Gender","15 years and over","Percent","239","units","0","v1063541870","1.9.1.1","65.8","","","","1"
"2024","Canada","2021A000011124","Participation rate","Total - Gender","15 years and over","Percent","239","units","0","v1063541870","1.9.1.1","65.5","","","","1"
"2020","Canada","2021A000011124","Participation rate","Men+","15 years and over","Percent","239","units","0","v1063541892","1.9.2.1","69.0","","","","1"
"2021","Canada","2021A000011124","Participation rate","Men+","15 years and over","Percent","239","units","0","v1063541892","1.9.2.1","69.9","","","","1"
"2022","Canada","2021A000011124","Participation rate","Men+","15 years and over","Percent","239","units","0","v1063541892","1.9.2.1","69.6","","","","1"
"2023","Canada","2021A000011124","Participation rate","Men+","15 years and over","Percent","239","units","0","v1063541892","1.9.2.1","70.0","","","","1"
"2024","Canada","2021A000011124","Participation rate","Men+","15 years and over","Percent","239","units","0","v1063541892","1.9.2.1","69.7","","","","1"
"2020","Canada","2021A000011124","Participation rate","Women+","15 years and over","Percent","239","units","0","v1063541914","1.9.3.1","59.8","","","","1"
"2021","Canada","2021A000011124","Participation rate","Women+","15 years and over","Percent","239","units","0","v1063541914","1.9.3.1","61.0","","","","1"
"2022","Canada","2021A000011124","Participation rate","Women+","15 years and over","Percent","239","units","0","v1063541914","1.9.3.1","61.4","","","","1"
"2023","Canada","2021A000011124","Participation rate","Women+","15 years and over","Percent","239","units","0","v1063541914","1.9.3.1","61.7","","","","1"
"2024","Canada","2021A000011124","Participation rate","Women+","15 years and over","Percent","239","units","0","v1063541914","1.9.3.1","61.2","","","","1"
"2020","Canada","2021A000011124","Employment rate","Total - Gender","15 years and over","Percent","239","units","0","v1063541936","1.10.1.1","58.1","","","","1"
"2021","Canada","2021A000011124","Employment rate","Total - Gender","15 years and over","Percent","239","units","0","v1063541936","1.10.1.1","60.5","","","","1"
"2022","Canada","2021A000011124","Employment rate","Total - Gender","15 years and over","Percent","239","units","0","v1063541936","1.10.1.1","62.0","","","","1"
"2023","Canada","2021A000011124","Employment rate","Total - Gender","15 years and over","Percent","239","units","0","v1063541936","1.10.1.1","62.2","","","","1"
"2024","Canada","2021A000011124","Employment rate","Total - Gender","15 years and over","Percent","239","units","0","v1063541936","1.10.1.1","61.3","","","","1"
"2020","Canada","2021A000011124","Employment rate","Men+","15 years and over","Percent","239","units","0","v1063541958","1.10.2.1","62.3","","","","1"
"2021","Canada","2021A000011124","Employment rate","Men+","15 years and over","Percent","239","units","0","v1063541958","1.10.2.1","64.6","","","","1"
"2022","Canada","2021A000011124","Employment rate","Men+","15 years and over","Percent","239","units","0","v1063541958","1.10.2.1","65.8","","","","1"
"2023","Canada","2021A000011124","Employment rate","Men+","15 years and over","Percent","239","units","0","v1063541958","1.10.2.1","66.1","","","","1"
"2024","Canada","2021A000011124","Employment rate","Men+","15 years and over","Percent","239","units","0","v1063541958","1.10.2.1","65.1","","","","1"
"2020","Canada","2021A000011124","Employment rate","Women+","15 years and over","Percent","239","units","0","v1063541980","1.10.3.1","54.1","","","","1"
"2021","Canada","2021A000011124","Employment rate","Women+","15 years and over","Percent","239","units","0","v1063541980","1.10.3.1","56.6","","","","1"
"2022","Canada","2021A000011124","Employment rate","Women+","15 years and over","Percent","239","units","0","v1063541980","1.10.3.1","58.3","","","","1"
"2023","Canada","2021A000011124","Employment rate","Women+","15 years and over","Percent","239","units","0","v1063541980","1.10.3.1","58.5","","","","1"
"2024","Canada","2021A000011124","Employment rate","Women+","15 years and over","Percent","239","units","0","v1063541980","1.10.3.1","57.6","","","","1"
"2020","Newfoundland and Labrador","2021A000210","Unemployment rate","Total - Gender","15 years and over","Percent","239","units","0","v1063542596","2.8.1.1","14.3","","","","1"
"2021","Newfoundland and Labrador","2021A000210","Unemployment rate","Total - Gender","15 years and over","Percent","239","units","0","v1063542596","2.8.1.1","13.0","","","","1"
"2022","Newfoundland and Labrador","2021A000210","Unemployment rate","Total - Gender","15 years and over","Percent","239","units","0","v1063542596","2.8.1.1","11.3","","","","1"
"2023","Newfoundland and Labrador","2021A000210","Unemployment rate","Total - Gender","15 years and over","Percent","239","units","0","v1063542596","2.8.1.1","9.9","","","","1"
"2024","Newfoundland and Labrador","2021A000210","Unemployment rate","Total - Gender","15 years and over","Percent","239","units","0","v1063542596","2.8.1.1","10.0","","","","1"
"2020","Newfoundland and Labrador","2021A000210","Unemployment rate","Men+","15 years and over","Percent","239","units","0","v1063542618","2.8.2.1","17.7","","","","1"
"2021","Newfoundland and Labrador","2021A000210","Unemployment rate","Men+","15 years and over","Percent","239","units","0","v1063542618","2.8.2.1","16.1","","","","1"
"2022","Newfoundland and Labrador","2021A000210","Unemployment rate","Men+","15 years and over","Percent","239","units","0","v1063542618","2.8.2.1","13.6","","","","1"
"2023","Newfoundland and Labrador","2021A000210","Unemployment rate","Men+","15 years and over","Percent","239","units","0","v1063542618","2.8.2.1","11.8","","","","1"
"2024","Newfoundland and Labrador","2021A000210","Unemployment rate","Men+","15 years and over","Percent","239","units","0","v1063542618","2.8.2.1","12.3","","","","1"
"2020","Newfoundland and Labrador","2021A000210","Unemployment rate","Women+","15 years and over","Percent","239","units","0","v1063542640","2.8.3.1","10.6","","","","1"
"2021","Newfoundland and Labrador","2021A000210","Unemployment rate","Women+","15 years and over","Percent","239","units","0","v1063542640","2.8.3.1","9.7","","","","1"
"2022","Newfoundland and Labrador","2021A000210","Unemployment rate","Women+","15 years and over","Percent","239","units","0","v1063542640","2.8.3.1","8.8","","","","1"
"2023","Newfoundland and Labrador","2021A000210","Unemployment rate","Women+","15 years and over","Percent","239","units","0","v1063542640","2.8.3.1","7.9","","","","1"
"2024","Newfoundland and Labrador","2021A000210","Unemployment rate","Women+","15 years and over","Percent","239","units","0","v1063542640","2.8.3.1","7.5","","","","1"
"2020","Newfoundland and Labrador","2021A000210","Participation rate","Total - Gender","15 years and over","Percent","239","units","0","v1063542662","2.9.1.1","56.4","","","","1"
"2021","Newfoundland and Labrador","2021A000210","Participation rate","Total - Gender","15 years and over","Percent","239","units","0","v1063542662","2.9.1.1","57.5","","","","1"
"2022","Newfoundland and Labrador","2021A000210","Participation rate","Total - Gender","15 years and over","Percent","239","units","0","v1063542662","2.9.1.1","58.3","","","","1"
"2023","Newfoundland and Labrador","2021A000210","Participation rate","Total - Gender","15 years and over","Percent","239","units","0","v1063542662","2.9.1.1","57.6","","","","1"
"2024","Newfoundland and Labrador","2021A000210","Participation rate","Total - Gender","15 years and over","Percent","239","units","0","v1063542662","2.9.1.1","58.3","","","","1"
"2020","Newfoundland and Labrador","2021A000210","Participation rate","Men+","15 years and over","Percent","239","units","0","v1063542684","2.9.2.1","59.7","","","","1"
"2021","Newfoundland and Labrador","2021A000210","Participation rate","Men+","15 years and over","Percent","239","units","0","v1063542684","2.9.2.1","61.1","","","","1"
"2022","Newfoundland and Labrador","2021A000210","Participation rate","Men+","15 years and over","Percent","239","units","0","v1063542684","2.9.2.1","61.8","","","","1"
"2023","Newfoundland and Labrador","2021A000210","Participation rate","Men+","15 years and over","Percent","239","units","0","v1063542684","2.9.2.1","60.6","","","","1"
"2024","Newfoundland and Labrador","2021A000210","Participation rate","Men+","15 years and over","Percent","239","units","0","v1063542684","2.9.2.1","60.8","","","","1"
"2020","Newfoundland and Labrador","2021A000210","Participation rate","Women+","15 years and over","Percent","239","units","0","v1063542706","2.9.3.1","53.2","","","","1"
"2021","Newfoundland and Labrador","2021A000210","Participation rate","Women+","15 years and over","Percent","239","units","0","v1063542706","2.9.3.1","54.1","","","","1"
"2022","Newfoundland and Labrador","2021A000210","Participation rate","Women+","15 years and over","Percent","239","units","0","v1063542706","2.9.3.1","54.8","","","","1"
"2023","Newfoundland and Labrador","2021A000210","Participation rate","Women+","15 years and over","Percent","239","units","0","v1063542706","2.9.3.1","54.6","","","","1"
"2024","Newfoundland and Labrador","2021A000210","Participation rate","Women+","15 years and over","Percent","239","units","0","v1063542706","2.9.3.1","55.9","","","","1"
"2020","Newfoundland and Labrador","2021A000210","Employment rate","Total - Gender","15 years and over","Percent","239","units","0","v1063542728","2.10.1.1","48.4","","","","1"
"2021","Newfoundland and Labrador","2021A000210","Employment rate","Total - Gender","15 years and over","Percent","239","units","0","v1063542728","2.10.1.1","50.0","","","","1"
"2022","Newfoundland and Labrador","2021A000210","Employment rate","Total - Gender","15 years and over","Percent","239","units","0","v1063542728","2.10.1.1","51.7","","","","1"
"2023","Newfoundland and Labrador","2021A000210","Employment rate","Total - Gender","15 years and over","Percent","239","units","0","v1063542728","2.10.1.1","51.8","","","","1"
"2024","Newfoundland and Labrador","2021A000210","Employment rate","Total - Gender","15 years and over","Percent","239","units","0","v1063542728","2.10.1.1","52.5","","","","1"
"2020","Newfoundland and Labrador","2021A000210","Employment rate","Men+","15 years and over","Percent","239","units","0","v1063542750","2.10.2.1","49.1","","","","1"
"2021","Newfoundland and Labrador","2021A000210","Employment rate","Men+","15 years and over","Percent","239","units","0","v1063542750","2.10.2.1","51.2","","","","1"
"2022","Newfoundland and Labrador","2021A000210","Employment rate","Men+","15 years and over","Percent","239","units","0","v1063542750","2.10.2.1","53.4","","","","1"
"2023","Newfoundland and Labrador","2021A000210","Employment rate","Men+","15 years and over","Percent","239","units","0","v1063542750","2.10.2.1","53.4","","","","1"
"2024","Newfoundland and Labrador","2021A000210","Employment rate","Men+","15 years and over","Percent","239","units","0","v1063542750","2.10.2.1","53.4","","","","1"
"2020","Newfoundland and Labrador","2021A000210","Employment rate","Women+","15 years and over","Percent","239","units","0","v1063542772","2.10.3.1","47.6","","","","1"
"2021","Newfoundland and Labrador","2021A000210","Employment rate","Women+","15 years and over","Percent","239","units","0","v1063542772","2.10.3.1","48.8","","","","1"
"2022","Newfoundland and Labrador","2021A000210","Employment rate","Women+","15 years and over","Percent","239","units","0","v1063542772","2.10.3.1","50.0","","","","1"
"2023","Newfoundland and Labrador","2021A000210","Employment rate","Women+","15 years and over","Percent","239","units","0","v1063542772","2.10.3.1","50.3","","","","1"
"2024","Newfoundland and Labrador","2021A000210","Employment rate","Women+","15 years and over","Percent","239","units","0","v1063542772","2.10.3.1","51.7","","","","1"
"2020","Prince Edward Island","2021A000211","Unemployment rate","Total - Gender","15 years and over","Percent","239","units","0","v1063543388","3.8.1.1","10.6","","","","1"
"2021","Prince Edward Island","2021A000211","Unemployment rate","Total - Gender","15 years and over","Percent","239","units","0","v1063543388","3.8.1.1","9.8","","","","1"
"2022","Prince Edward Island","2021A000211","Unemployment rate","Total - Gender","15 years and over","Percent","239","units","0","v1063543388","3.8.1.1","7.7","","","","1"
"2023","Prince Edward Island","2021A000211","Unemployment rate","Total - Gender","15 years and over","Percent","239","units","0","v1063543388","3.8.1.1","7.2","","","","1"
"2024","Prince Edward Island","2021A000211","Unemployment rate","Total - Gender","15 years and over","Percent","239","units","0","v1063543388","3.8.1.1","8.0","","","","1"
"2020","Prince Edward Island","2021A000211","Unemployment rate","Men+","15 years and over","Percent","239","units","0","v1063543410","3.8.2.1","10.5","","","","1"
"2021","Prince Edward Island","2021A000211","Unemployment rate","Men+","15 years and over","Percent","239","units","0","v1063543410","3.8.2.1","11.0","","","","1"
"2022","Prince Edward Island","2021A000211","Unemployment rate","Men+","15 years and over","Percent","239","units","0","v1063543410","3.8.2.1","8.3","","","","1"
"2023","Prince Edward Island","2021A000211","Unemployment rate","Men+","15 years and over","Percent","239","units","0","v1063543410","3.8.2.1","8.4","","","","1"
"2024","Prince Edward Island","2021A000211","Unemployment rate","Men+","15 years and over","Percent","239","units","0","v1063543410","3.8.2.1","8.8","","","","1"
"2020","Prince Edward Island","2021A000211","Unemployment rate","Women+","15 years and over","Percent","239","units","0","v1063543432","3.8.3.1","10.8","","","","1"
"2021","Prince Edward Island","2021A000211","Unemployment rate","Women+","15 years and over","Percent","239","units","0","v1063543432","3.8.3.1","8.5","","","","1"
"2022","Prince Edward Island","2021A000211","Unemployment rate","Women+","15 years and over","Percent","239","units","0","v1063543432","3.8.3.1","7.2","","","","1"
"2023","Prince Edward Island","2021A000211","Unemployment rate","Women+","15 years and over","Percent","239","units","0","v1063543432","3.8.3.1","5.8","","","","1"
"2024","Prince Edward Island","2021A000211","Unemployment rate","Women+","15 years and over","Percent","239","units","0","v1063543432","3.8.3.1","7.0","","","","1"
"2020","Prince Edward Island","2021A000211","Participation rate","Total - Gender","15 years and over","Percent","239","units","0","v1063543454","3.9.1.1","64.7","","","","1"
"2021","Prince Edward Island","2021A000211","Participation rate","Total - Gender","15 years and over","Percent","239","units","0","v1063543454","3.9.1.1","65.8","","","","1"
"2022","Prince Edward Island","2021A000211","Participation rate","Total - Gender","15 years and over","Percent","239","units","0","v1063543454","3.9.1.1","65.3","","","","1"
"2023","Prince Edward Island","2021A000211","Participation rate","Total - Gender","15 years and over","Percent","239","units","0","v1063543454","3.9.1.1","66.2","","","","1"
"2024","Prince Edward Island","2021A000211","Participation rate","Total - Gender","15 years and over","Percent","239","units","0","v1063543454","3.9.1.1","66.5","","","","1"
"2020","Prince Edward Island","2021A000211","Participation rate","Men+","15 years and over","Percent","239","units","0","v1063543476","3.9.2.1","68.4","","","","1"
"2021","Prince Edward Island","2021A000211","Participation rate","Men+","15 years and over","Percent","239","units","0","v1063543476","3.9.2.1","71.1","","","","1"
"2022","Prince Edward Island","2021A000211","Participation rate","Men+","15 years and over","Percent","239","units","0","v1063543476","3.9.2.1","69.2","","","","1"
"2023","Prince Edward Island","2021A000211","Participation rate","Men+","15 years and over","Percent","239","units","0","v1063543476","3.9.2.1","70.5","","","","1"
"2024","Prince Edward Island","2021A000211","Participation rate","Men+","15 years and over","Percent","239","units","0","v1063543476","3.9.2.1","72.1","","","","1"
"2020","Prince Edward Island","2021A000211","Participation rate","Women+","15 years and over","Percent","239","units","0","v1063543498","3.9.3.1","61.2","","","","1"
"2021","Prince Edward Island","2021A000211","Participation rate","Women+","15 years and over","Percent","239","units","0","v1063543498","3.9.3.1","60.9","","","","1"
"2022","Prince Edward Island","2021A000211","Participation rate","Women+","15 years and over","Percent","239","units","0","v1063543498","3.9.3.1","61.5","","","","1"
"2023","Prince Edward Island","2021A000211","Participation rate","Women+","15 years and over","Percent","239","units","0","v1063543498","3.9.3.1","62.2","","","","1"
"2024","Prince Edward Island","2021A000211","Participation rate","Women+","15 years and over","Percent","239","units","0","v1063543498","3.9.3.1","61.1","","","","1"
"2020","Prince Edward Island","2021A000211","Employment rate","Total - Gender","15 years and over","Percent","239","units","0","v1063543520","3.10.1.1","57.8","","","","1"
"2021","Prince Edward Island","2021A000211","Employment rate","Total - Gender","15 years and over","Percent","239","units","0","v1063543520","3.10.1.1","59.3","","","","1"
"2022","Prince Edward Island","2021A000211","Employment rate","Total - Gender","15 years and over","Percent","239","units","0","v1063543520","3.10.1.1","60.2","","","","1"
"2023","Prince Edward Island","2021A000211","Employment rate","Total - Gender","15 years and over","Percent","239","units","0","v1063543520","3.10.1.1","61.4","","","","1"
"2024","Prince Edward Island","2021A000211","Employment rate","Total - Gender","15 years and over","Percent","239","units","0","v1063543520","3.10.1.1","61.3","","","","1"
"2020","Prince Edward Island","2021A000211","Employment rate","Men+","15 years and over","Percent","239","units","0","v1063543542","3.10.2.1","61.2","","","","1"
"2021","Prince Edward Island","2021A000211","Employment rate","Men+","15 years and over","Percent","239","units","0","v1063543542","3.10.2.1","63.2","","","","1"
"2022","Prince Edward Island","2021A000211","Employment rate","Men+","15 years and over","Percent","239","units","0","v1063543542","3.10.2.1","63.5","","","","1"
"2023","Prince Edward Island","2021A000211","Employment rate","Men+","15 years and over","Percent","239","units","0","v1063543542","3.10.2.1","64.5","","","","1"
"2024","Prince Edward Island","2021A000211","Employment rate","Men+","15 years and over","Percent","239","units","0","v1063543542","3.10.2.1","65.7","","","","1"
"2020","Prince Edward Island","2021A000211","Employment rate","Women+","15 years and over","Percent","239","units","0","v1063543564","3.10.3.1","54.6","","","","1"
"2021","Prince Edward Island","2021A000211","Employment rate","Women+","15 years and over","Percent","239","units","0","v1063543564","3.10.3.1","55.7","","","","1"
"2022","Prince Edward Island","2021A000211","Employment rate","Women+","15 years and over","Percent","239","units","0","v1063543564","3.10.3.1","57.0","","","","1"
"2023","Prince Edward Island","2021A000211","Employment rate","Women+","15 years and over","Percent","239","units","0","v1063543564","3.10.3.1","58.4","","","","1"
"2024","Prince Edward Island","2021A000211","Employment rate","Women+","15 years and over","Percent","239","units","0","v1063543564","3.10.3.1","56.9","","","","1"
"2020","Nova Scotia","2021A000212","Unemployment rate","Total - Gender","15 years and over","Percent","239","units","0","v1063544180","4.8.1.1","9.9","","","","1"
"2021","Nova Scotia","2021A000212","Unemployment rate","Total - Gender","15 years and over","Percent","239","units","0","v1063544180","4.8.1.1","8.6","","","","1"
"2022","Nova Scotia","2021A000212","Unemployment rate","Total - Gender","15 years and over","Percent","239","units","0","v1063544180","4.8.1.1","6.6","","","","1"
"2023","Nova Scotia","2021A000212","Unemployment rate","Total - Gender","15 years and over","Percent","239","units","0","v1063544180","4.8.1.1","6.4","","","","1"
"2024","Nova Scotia","2021A000212","Unemployment rate","Total - Gender","15 years and over","Percent","239","units","0","v1063544180","4.8.1.1","6.5","","","","1"
"2020","Nova Scotia","2021A000212","Unemployment rate","Men+","15 years and over","Percent","239","units","0","v1063544202","4.8.2.1","10.8","","","","1"
"2021","Nova Scotia","2021A000212","Unemployment rate","Men+","15 years and over","Percent","239","units","0","v1063544202","4.8.2.1","9.7","","","","1"
"2022","Nova Scotia","2021A000212","Unemployment rate","Men+","15 years and over","Percent","239","units","0","v1063544202","4.8.2.1","7.3","","","","1"
"2023","Nova Scotia","2021A000212","Unemployment rate","Men+","15 years and over","Percent","239","units","0","v1063544202","4.8.2.1","7.0","","","","1"
"2024","Nova Scotia","2021A000212","Unemployment rate","Men+","15 years and over","Percent","239","units","0","v1063544202","4.8.2.1","7.4","","","","1"
"2020","Nova Scotia","2021A000212","Unemployment rate","Women+","15 years and over","Percent","239","units","0","v1063544224","4.8.3.1","9.1","","","","1"
"2021","Nova Scotia","2021A000212","Unemployment rate","Women+","15 years and over","Percent","239","units","0","v1063544224","4.8.3.1","7.4","","","","1"
"2022","Nova Scotia","2021A000212","Unemployment rate","Women+","15 years and over","Percent","239","units","0","v1063544224","4.8.3.1","5.7","","","","1"
"2023","Nova Scotia","2021A000212","Unemployment rate","Women+","15 years and over","Percent","239","units","0","v1063544224","4.8.3.1","5.7","","","","1"
"2024","Nova Scotia","2021A000212","Unemployment rate","Women+","15 years and over","Percent","239","units","0","v1063544224","4.8.3.1","5.6","","","","1"
"2020","Nova Scotia","2021A000212","Participation rate","Total - Gender","15 years and over","Percent","239","units","0","v1063544246","4.9.1.1","60.4","","","","1"
"2021","Nova Scotia","2021A000212","Participation rate","Total - Gender","15 years and over","Percent","239","units","0","v1063544246","4.9.1.1","62.5","","","","1"
"2022","Nova Scotia","2021A000212","Participation rate","Total - Gender","15 years and over","Percent","239","units","0","v1063544246","4.9.1.1","61.8","","","","1"
"2023","Nova Scotia","2021A000212","Participation rate","Total - Gender","15 years and over","Percent","239","units","0","v1063544246","4.9.1.1","61.5","","","","1"
"2024","Nova Scotia","2021A000212","Participation rate","Total - Gender","15 years and over","Percent","239","units","0","v1063544246","4.9.1.1","61.8","","","","1"
"2020","Nova Scotia","2021A000212","Participation rate","Men+","15 years and over","Percent","239","units","0","v1063544268","4.9.2.1","63.7","","","","1"
"2021","Nova Scotia","2021A000212","Participation rate","Men+","15 years and over","Percent","239","units","0","v1063544268","4.9.2.1","65.8","","","","1"
"2022","Nova Scotia","2021A000212","Participation rate","Men+","15 years and over","Percent","239","units","0","v1063544268","4.9.2.1","65.1","","","","1"
"2023","Nova Scotia","2021A000212","Participation rate","Men+","15 years and over","Percent","239","units","0","v1063544268","4.9.2.1","64.8","","","","1"
"2024","Nova Scotia","2021A000212","Participation rate","Men+","15 years and over","Percent","239","units","0","v1063544268","4.9.2.1","65.0","","","","1"
"2020","Nova Scotia","2021A000212","Participation rate","Women+","15 years and over","Percent","239","units","0","v1063544290","4.9.3.1","57.3","","","","1"
"2021","Nova Scotia","2021A000212","Participation rate","Women+","15 years and over","Percent","239","units","0","v1063544290","4.9.3.1","59.3","","","","1"
"2022","Nova Scotia","2021A000212","Participation rate","Women+","15 years and over","Percent","239","units","0","v1063544290","4.9.3.1","58.6","","","","1"
"2023","Nova Scotia","2021A000212","Participation rate","Women+","15 years and over","Percent","239","units","0","v1063544290","4.9.3.1","58.4","","","","1"
"2024","Nova Scotia","2021A000212","Participation rate","Women+","15 years and over","Percent","239","units","0","v1063544290","4.9.3.1","58.7","","","","1"
"2020","Nova Scotia","2021A000212","Employment rate","Total - Gender","15 years and over","Percent","239","units","0","v1063544312","4.10.1.1","54.4","","","","1"
"2021","Nova Scotia","2021A000212","Employment rate","Total - Gender","15 years and over","Percent","239","units","0","v1063544312","4.10.1.1","57.1","","","","1"
"2022","Nova Scotia","2021A000212","Employment rate","Total - Gender","15 years and over","Percent","239","units","0","v1063544312","4.10.1.1","57.7","","","","1"
"2023","Nova Scotia","2021A000212","Employment rate","Total - Gender","15 years and over","Percent","239","units","0","v1063544312","4.10.1.1","57.6","","","","1"
"2024","Nova Scotia","2021A000212","Employment rate","Total - Gender","15 years and over","Percent","239","units","0","v1063544312","4.10.1.1","57.8","","","","1"
"2020","Nova Scotia","2021A000212","Employment rate","Men+","15 years and over","Percent","239","units","0","v1063544334","4.10.2.1","56.8","","","","1"
"2021","Nova Scotia","2021A000212","Employment rate","Men+","15 years and over","Percent","239","units","0","v1063544334","4.10.2.1","59.4","","","","1"
"2022","Nova Scotia","2021A000212","Employment rate","Men+","15 years and over","Percent","239","units","0","v1063544334","4.10.2.1","60.3","","","","1"
"2023","Nova Scotia","2021A000212","Employment rate","Men+","15 years and over","Percent","239","units","0","v1063544334","4.10.2.1","60.2","","","","1"
"2024","Nova Scotia","2021A000212","Employment rate","Men+","15 years and over","Percent","239","units","0","v1063544334","4.10.2.1","60.2","","","","1"
"2020","Nova Scotia","2021A000212","Employment rate","Women+","15 years and over","Percent","239","units","0","v1063544356","4.10.3.1","52.1","","","","1"
"2021","Nova Scotia","2021A000212","Employment rate","Women+","15 years and over","Percent","239","units","0","v1063544356","4.10.3.1","54.9","","","","1"
"2022","Nova Scotia","2021A000212","Employment rate","Women+","15 years and over","Percent","239","units","0","v1063544356","4.10.3.1","55.2","","","","1"
"2023","Nova Scotia","2021A000212","Employment rate","Women+","15 years and over","Percent","239","units","0","v1063544356","4.10.3.1","55.1","","","","1"
"2024","Nova Scotia","2021A000212","Employment rate","Women+","15 years and over","Percent","239","units","0","v1063544356","4.10.3.1","55.4","","","","1"
"2020","New Brunswick","2021A000213","Unemployment rate","Total - Gender","15 years and over","Percent","239","units","0","v1063544972","5.8.1.1","10.4","","","","1"
"2021","New Brunswick","2021A000213","Unemployment rate","Total - Gender","15 years and over","Percent","239","units","0","v1063544972","5.8.1.1","9.3","","","","1"
"2022","New Brunswick","2021A000213","Unemployment rate","Total - Gender","15 years and over","Percent","239","units","0","v1063544972","5.8.1.1","7.2","","","","1"
"2023","New Brunswick","2021A000213","Unemployment rate","Total - Gender","15 years and over","Percent","239","units","0","v1063544972","5.8.1.1","6.6","","","","1"
"2024","New Brunswick","2021A000213","Unemployment rate","Total - Gender","15 years and over","Percent","239","units","0","v1063544972","5.8.1.1","7.0","","","","1"
"2020","New Brunswick","2021A000213","Unemployment rate","Men+","15 years and over","Percent","239","units","0","v1063544994","5.8.2.1","12.1","","","","1"
"2021","New Brunswick","2021A000213","Unemployment rate","Men+","15 years and over","Percent","239","units","0","v1063544994","5.8.2.1","10.5","","","","1"
"2022","New Brunswick","2021A000213","Unemployment rate","Men+","15 years and over","Percent","239","units","0","v1063544994","5.8.2.1","8.2","","","","1"
"2023","New Brunswick","2021A000213","Unemployment rate","Men+","15 years and over","Percent","239","units","0","v1063544994","5.8.2.1","8.0","","","","1"
"2024","New Brunswick","2021A000213","Unemployment rate","Men+","15 years and over","Percent","239","units","0","v1063544994","5.8.2.1","8.4","","","","1"
"2020","New Brunswick","2021A000213","Unemployment rate","Women+","15 years and over","Percent","239","units","0","v1063545016","5.8.3.1","8.5","","","","1"
"2021","New Brunswick","2021A000213","Unemployment rate","Women+","15 years and over","Percent","239","units","0","v1063545016","5.8.3.1","7.9","","","","1"
"2022","New Brunswick","2021A000213","Unemployment rate","Women+","15 years and over","Percent","239","units","0","v1063545016","5.8.3.1","6.1","","","","1"
"2023","New Brunswick","2021A000213","Unemployment rate","Women+","15 years and over","Percent","239","units","0","v1063545016","5.8.3.1","5.0","","","","1"
"2024","New Brunswick","2021A000213","Unemployment rate","Women+","15 years and over","Percent","239","units","0","v1063545016","5.8.3.1","5.6","","","","1"
"2020","New Brunswick","2021A000213","Participation rate","Total - Gender","15 years and over","Percent","239","units","0","v1063545038","5.9.1.1","60.6","","","","1"
"2021","New Brunswick","2021A000213","Participation rate","Total - Gender","15 years and over","Percent","239","units","0","v1063545038","5.9.1.1","61.4","","","","1"
"2022","New Brunswick","2021A000213","Participation rate","Total - Gender","15 years and over","Percent","239","units","0","v1063545038","5.9.1.1","60.5","","","","1"
"2023","New Brunswick","2021A000213","Participation rate","Total - Gender","15 years and over","Percent","239","units","0","v1063545038","5.9.1.1","60.4","","","","1"
"2024","New Brunswick","2021A000213","Participation rate","Total - Gender","15 years and over","Percent","239","units","0","v1063545038","5.9.1.1","60.6","","","","1"
"2020","New Brunswick","2021A000213","Participation rate","Men+","15 years and over","Percent","239","units","0","v1063545060","5.9.2.1","64.4","","","","1"
"2021","New Brunswick","2021A000213","Participation rate","Men+","15 years and over","Percent","239","units","0","v1063545060","5.9.2.1","64.7","","","","1"
"2022","New Brunswick","2021A000213","Participation rate","Men+","15 years and over","Percent","239","units","0","v1063545060","5.9.2.1","63.6","","","","1"
"2023","New Brunswick","2021A000213","Participation rate","Men+","15 years and over","Percent","239","units","0","v1063545060","5.9.2.1","63.5","","","","1"
"2024","New Brunswick","2021A000213","Participation rate","Men+","15 years and over","Percent","239","units","0","v1063545060","5.9.2.1","63.8","","","","1"
"2020","New Brunswick","2021A000213","Participation rate","Women+","15 years and over","Percent","239","units","0","v1063545082","5.9.3.1","56.9","","","","1"
"2021","New Brunswick","2021A000213","Participation rate","Women+","15 years and over","Percent","239","units","0","v1063545082","5.9.3.1","58.3","","","","1"
"2022","New Brunswick","2021A000213","Participation rate","Women+","15 years and over","Percent","239","units","0","v1063545082","5.9.3.1","57.6","","","","1"
"2023","New Brunswick","2021A000213","Participation rate","Women+","15 years and over","Percent","239","units","0","v1063545082","5.9.3.1","57.4","","","","1"
"2024","New Brunswick","2021A000213","Participation rate","Women+","15 years and over","Percent","239","units","0","v1063545082","5.9.3.1","57.5","","","","1"
"2020","New Brunswick","2021A000213","Employment rate","Total - Gender","15 years and over","Percent","239","units","0","v1063545104","5.10.1.1","54.3","","","","1"
"2021","New Brunswick","2021A000213","Employment rate","Total - Gender","15 years and over","Percent","239","units","0","v1063545104","5.10.1.1","55.7","","","","1"
"2022","New Brunswick","2021A000213","Employment rate","Total - Gender","15 years and over","Percent","239","units","0","v1063545104","5.10.1.1","56.1","","","","1"
"2023","New Brunswick","2021A000213","Employment rate","Total - Gender","15 years and over","Percent","239","units","0","v1063545104","5.10.1.1","56.4","","","","1"
"2024","New Brunswick","2021A000213","Employment rate","Total - Gender","15 years and over","Percent","239","units","0","v1063545104","5.10.1.1","56.3","","","","1"
"2020","New Brunswick","2021A000213","Employment rate","Men+","15 years and over","Percent","239","units","0","v1063545126","5.10.2.1","56.6","","","","1"
"2021","New Brunswick","2021A000213","Employment rate","Men+","15 years and over","Percent","239","units","0","v1063545126","5.10.2.1","57.9","","","","1"
"2022","New Brunswick","2021A000213","Employment rate","Men+","15 years and over","Percent","239","units","0","v1063545126","5.10.2.1","58.3","","","","1"
"2023","New Brunswick","2021A000213","Employment rate","Men+","15 years and over","Percent","239","units","0","v1063545126","5.10.2.1","58.4","","","","1"
"2024","New Brunswick","2021A000213","Employment rate","Men+","15 years and over","Percent","239","units","0","v1063545126","5.10.2.1","58.4","","","","1"
"2020","New Brunswick","2021A000213","Employment rate","Women+","15 years and over","Percent","239","units","0","v1063545148","5.10.3.1","52.1","","","","1"
"2021","New Brunswick","2021A000213","Employment rate","Women+","15 years and over","Percent","239","units","0","v1063545148","5.10.3.1","53.7","","","","1"
"2022","New Brunswick","2021A000213","Employment rate","Women+","15 years and over","Percent","239","units","0","v1063545148","5.10.3.1","54.0","","","","1"
"2023","New Brunswick","2021A000213","Employment rate","Women+","15 years and over","Percent","239","units","0","v1063545148","5.10.3.1","54.5","","","","1"
"2024","New Brunswick","2021A000213","Employment rate","Women+","15 years and over","Percent","239","units","0","v1063545148","5.10.3.1","54.3","","","","1"
"2020","Quebec","2021A000224","Unemployment rate","Total - Gender","15 years and over","Percent","239","units","0","v1063545764","6.8.1.1","8.9","","","","1"
"2021","Quebec","2021A000224","Unemployment rate","Total - Gender","15 years and over","Percent","239","units","0","v1063545764","6.8.1.1","6.1","","","","1"
"2022","Quebec","2021A000224","Unemployment rate","Total - Gender","15 years and over","Percent","239","units","0","v1063545764","6.8.1.1","4.3","","","","1"
"2023","Quebec","2021A000224","Unemployment rate","Total - Gender","15 years and over","Percent","239","units","0","v1063545764","6.8.1.1","4.5","","","","1"
"2024","Quebec","2021A000224","Unemployment rate","Total - Gender","15 years and over","Percent","239","units","0","v1063545764","6.8.1.1","5.3","","","","1"
"2020","Quebec","2021A000224","Unemployment rate","Men+","15 years and over","Percent","239","units","0","v1063545786","6.8.2.1","9.1","","","","1"
"2021","Quebec","2021A000224","Unemployment rate","Men+","15 years and over","Percent","239","units","0","v1063545786","6.8.2.1","6.4","","","","1"
"2022","Quebec","2021A000224","Unemployment rate","Men+","15 years and over","Percent","239","units","0","v1063545786","6.8.2.1","4.6","","","","1"
"2023","Quebec","2021A000224","Unemployment rate","Men+","15 years and over","Percent","239","units","0","v1063545786","6.8.2.1","4.9","","","","1"
"2024","Quebec","2021A000224","Unemployment rate","Men+","15 years and over","Percent","239","units","0","v1063545786","6.8.2.1","5.7","","","","1"
"2020","Quebec","2021A000224","Unemployment rate","Women+","15 years and over","Percent","239","units","0","v1063545808","6.8.3.1","8.7","","","","1"
"2021","Quebec","2021A000224","Unemployment rate","Women+","15 years and over","Percent","239","units","0","v1063545808","6.8.3.1","5.8","","","","1"
"2022","Quebec","2021A000224","Unemployment rate","Women+","15 years and over","Percent","239","units","0","v1063545808","6.8.3.1","4.0","","","","1"
"2023","Quebec","2021A000224","Unemployment rate","Women+","15 years and over","Percent","239","units","0","v1063545808","6.8.3.1","4.0","","","","1"
"2024","Quebec","2021A000224","Unemployment rate","Women+","15 years and over","Percent","239","units","0","v1063545808","6.8.3.1","4.9","","","","1"
"2020","Quebec","2021A000224","Participation rate","Total - Gender","15 years and over","Percent","239","units","0","v1063545830","6.9.1.1","63.9","","","","1"
"2021","Quebec","2021A000224","Participation rate","Total - Gender","15 years and over","Percent","239","units","0","v1063545830","6.9.1.1","64.3","","","","1"
"2022","Quebec","2021A000224","Participation rate","Total - Gender","15 years and over","Percent","239","units","0","v1063545830","6.9.1.1","64.4","","","","1"
"2023","Quebec","2021A000224","Participation rate","Total - Gender","15 years and over","Percent","239","units","0","v1063545830","6.9.1.1","65.3","","","","1"
"2024","Quebec","2021A000224","Participation rate","Total - Gender","15 years and over","Percent","239","units","0","v1063545830","6.9.1.1","64.9","","","","1"
"2020","Quebec","2021A000224","Participation rate","Men+","15 years and over","Percent","239","units","0","v1063545852","6.9.2.1","67.8","","","","1"
"2021","Quebec","2021A000224","Participation rate","Men+","15 years and over","Percent","239","units","0","v1063545852","6.9.2.1","68.2","","","","1"
"2022","Quebec","2021A000224","Participation rate","Men+","15 years and over","Percent","239","units","0","v1063545852","6.9.2.1","68.1","","","","1"
"2023","Quebec","2021A000224","Participation rate","Men+","15 years and over","Percent","239","units","0","v1063545852","6.9.2.1","69.0","","","","1"
"2024","Quebec","2021A000224","Participation rate","Men+","15 years and over","Percent","239","units","0","v1063545852","6.9.2.1","68.5","","","","1"
"2020","Quebec","2021A000224","Participation rate","Women+","15 years and over","Percent","239","units","0","v1063545874","6.9.3.1","59.9","","","","1"
"2021","Quebec","2021A000224","Participation rate","Women+","15 years and over","Percent","239","units","0","v1063545874","6.9.3.1","60.4","","","","1"
"2022","Quebec","2021A000224","Participation rate","Women+","15 years and over","Percent","239","units","0","v1063545874","6.9.3.1","60.7","","","","1"
"2023","Quebec","2021A000224","Participation rate","Women+","15 years and over","Percent","239","units","0","v1063545874","6.9.3.1","61.6","","","","1"
"2024","Quebec","2021A000224","Participation rate","Women+","15 years and over","Percent","239","units","0","v1063545874","6.9.3.1","61.3","","","","1"
"2020","Quebec","2021A000224","Employment rate","Total - Gender","15 years and over","Percent","239","units","0","v1063545896","6.10.1.1","58.2","","","","1"
"2021","Quebec","2021A000224","Employment rate","Total - Gender","15 years and over","Percent","239","units","0","v1063545896","6.10.1.1","60.3","","","","1"
"2022","Quebec","2021A000224","Employment rate","Total - Gender","15 years and over","Percent","239","units","0","v1063545896","6.10.1.1","61.6","","","","1"
"2023","Quebec","2021A000224","Employment rate","Total - Gender","15 years and over","Percent","239","units","0","v1063545896","6.10.1.1","62.4","","","","1"
"2024","Quebec","2021A000224","Employment rate","Total - Gender","15 years and over","Percent","239","units","0","v1063545896","6.10.1.1","61.4","","","","1"
"2020","Quebec","2021A000224","Employment rate","Men+","15 years and over","Percent","239","units","0","v1063545918","6.10.2.1","61.7","","","","1"
"2021","Quebec","2021A000224","Employment rate","Men+","15 years and over","Percent","239","units","0","v1063545918","6.10.2.1","63.8","","","","1"
"2022","Quebec","2021A000224","Employment rate","Men+","15 years and over","Percent","239","units","0","v1063545918","6.10.2.1","65.0","","","","1"
"2023","Quebec","2021A000224","Employment rate","Men+","15 years and over","Percent","239","units","0","v1063545918","6.10.2.1","65.6","","","","1"
"2024","Quebec","2021A000224","Employment rate","Men+","15 years and over","Percent","239","units","0","v1063545918","6.10.2.1","64.6","","","","1"
"2020","Quebec","2021A000224","Employment rate","Women+","15 years and over","Percent","239","units","0","v1063545940","6.10.3.1","54.7","","","","1"
"2021","Quebec","2021A000224","Employment rate","Women+","15 years and over","Percent","239","units","0","v1063545940","6.10.3.1","56.9","","","","1"
"2022","Quebec","2021A000224","Employment rate","Women+","15 years and over","Percent","239","units","0","v1063545940","6.10.3.1","58.3","","","","1"
"2023","Quebec","2021A000224","Employment rate","Women+","15 years and over","Percent","239","units","0","v1063545940","6.10.3.1","59.2","","","","1"
"2024","Quebec","2021A000224","Employment rate","Women+","15 years and over","Percent","239","units","0","v1063545940","6.10.3.1","58.2","","","","1"
"2020","Ontario","2021A000235","Unemployment rate","Total - Gender","15 years and over","Percent","239","units","0","v1063546556","7.8.1.1","9.8","","","","1"
"2021","Ontario","2021A000235","Unemployment rate","Total - Gender","15 years and over","Percent","239","units","0","v1063546556","7.8.1.1","8.1","","","","1"
"2022","Ontario","2021A000235","Unemployment rate","Total - Gender","15 years and over","Percent","239","units","0","v1063546556","7.8.1.1","5.6","","","","1"
"2023","Ontario","2021A000235","Unemployment rate","Total - Gender","15 years and over","Percent","239","units","0","v1063546556","7.8.1.1","5.6","","","","1"
"2024","Ontario","2021A000235","Unemployment rate","Total - Gender","15 years and over","Percent","239","units","0","v1063546556","7.8.1.1","7.0","","","","1"
"2020","Ontario","2021A000235","Unemployment rate","Men+","15 years and over","Percent","239","units","0","v1063546578","7.8.2.1","9.6","","","","1"
"2021","Ontario","2021A000235","Unemployment rate","Men+","15 years and over","Percent","239","units","0","v1063546578","7.8.2.1","8.1","","","","1"
"2022","Ontario","2021A000235","Unemployment rate","Men+","15 years and over","Percent","239","units","0","v1063546578","7.8.2.1","5.5","","","","1"
"2023","Ontario","2021A000235","Unemployment rate","Men+","15 years and over","Percent","239","units","0","v1063546578","7.8.2.1","5.5","","","","1"
"2024","Ontario","2021A000235","Unemployment rate","Men+","15 years and over","Percent","239","units","0","v1063546578","7.8.2.1","7.3","","","","1"
"2020","Ontario","2021A000235","Unemployment rate","Women+","15 years and over","Percent","239","units","0","v1063546600","7.8.3.1","10.0","","","","1"
"2021","Ontario","2021A000235","Unemployment rate","Women+","15 years and over","Percent","239","units","0","v1063546600","7.8.3.1","8.2","","","","1"
"2022","Ontario","2021A000235","Unemployment rate","Women+","15 years and over","Percent","239","units","0","v1063546600","7.8.3.1","5.7","","","","1"
"2023","Ontario","2021A000235","Unemployment rate","Women+","15 years and over","Percent","239","units","0","v1063546600","7.8.3.1","5.8","","","","1"
"2024","Ontario","2021A000235","Unemployment rate","Women+","15 years and over","Percent","239","units","0","v1063546600","7.8.3.1","6.5","","","","1"
"2020","Ontario","2021A000235","Participation rate","Total - Gender","15 years and over","Percent","239","units","0","v1063546622","7.9.1.1","63.7","","","","1"
"2021","Ontario","2021A000235","Participation rate","Total - Gender","15 years and over","Percent","239","units","0","v1063546622","7.9.1.1","65.2","","","","1"
"2022","Ontario","2021A000235","Participation rate","Total - Gender","15 years and over","Percent","239","units","0","v1063546622","7.9.1.1","65.4","","","","1"
"2023","Ontario","2021A000235","Participation rate","Total - Gender","15 years and over","Percent","239","units","0","v1063546622","7.9.1.1","65.6","","","","1"
"2024","Ontario","2021A000235","Participation rate","Total - Gender","15 years and over","Percent","239","units","0","v1063546622","7.9.1.1","65.3","","","","1"
"2020","Ontario","2021A000235","Participation rate","Men+","15 years and over","Percent","239","units","0","v1063546644","7.9.2.1","68.6","","","","1"
"2021","Ontario","2021A000235","Participation rate","Men+","15 years and over","Percent","239","units","0","v1063546644","7.9.2.1","69.9","","","","1"
"2022","Ontario","2021A000235","Participation rate","Men+","15 years and over","Percent","239","units","0","v1063546644","7.9.2.1","69.9","","","","1"
"2023","Ontario","2021A000235","Participation rate","Men+","15 years and over","Percent","239","units","0","v1063546644","7.9.2.1","70.1","","","","1"
"2024","Ontario","2021A000235","Participation rate","Men+","15 years and over","Percent","239","units","0","v1063546644","7.9.2.1","69.7","","","","1"
"2020","Ontario","2021A000235","Participation rate","Women+","15 years and over","Percent","239","units","0","v1063546666","7.9.3.1","59.0","","","","1"
"2021","Ontario","2021A000235","Participation rate","Women+","15 years and over","Percent","239","units","0","v1063546666","7.9.3.1","60.6","","","","1"
"2022","Ontario","2021A000235","Participation rate","Women+","15 years and over","Percent","239","units","0","v1063546666","7.9.3.1","61.0","","","","1"
"2023","Ontario","2021A000235","Participation rate","Women+","15 years and over","Percent","239","units","0","v1063546666","7.9.3.1","61.3","","","","1"
"2024","Ontario","2021A000235","Participation rate","Women+","15 years and over","Percent","239","units","0","v1063546666","7.9.3.1","60.8","","","","1"
"2020","Ontario","2021A000235","Employment rate","Total - Gender","15 years and over","Percent","239","units","0","v1063546688","7.10.1.1","57.5","","","","1"
"2021","Ontario","2021A000235","Employment rate","Total - Gender","15 years and over","Percent","239","units","0","v1063546688","7.10.1.1","59.9","","","","1"
"2022","Ontario","2021A000235","Employment rate","Total - Gender","15 years and over","Percent","239","units","0","v1063546688","7.10.1.1","61.8","","","","1"
"2023","Ontario","2021A000235","Employment rate","Total - Gender","15 years and over","Percent","239","units","0","v1063546688","7.10.1.1","62.0","","","","1"
"2024","Ontario","2021A000235","Employment rate","Total - Gender","15 years and over","Percent","239","units","0","v1063546688","7.10.1.1","60.7","","","","1"
"2020","Ontario","2021A000235","Employment rate","Men+","15 years and over","Percent","239","units","0","v1063546710","7.10.2.1","62.1","","","","1"
"2021","Ontario","2021A000235","Employment rate","Men+","15 years and over","Percent","239","units","0","v1063546710","7.10.2.1","64.3","","","","1"
"2022","Ontario","2021A000235","Employment rate","Men+","15 years and over","Percent","239","units","0","v1063546710","7.10.2.1","66.1","","","","1"
"2023","Ontario","2021A000235","Employment rate","Men+","15 years and over","Percent","239","units","0","v1063546710","7.10.2.1","66.3","","","","1"
"2024","Ontario","2021A000235","Employment rate","Men+","15 years and over","Percent","239","units","0","v1063546710","7.10.2.1","64.6","","","","1"
"2020","Ontario","2021A000235","Employment rate","Women+","15 years and over","Percent","239","units","0","v1063546732","7.10.3.1","53.1","","","","1"
"2021","Ontario","2021A000235","Employment rate","Women+","15 years and over","Percent","239","units","0","v1063546732","7.10.3.1","55.7","","","","1"
"2022","Ontario","2021A000235","Employment rate","Women+","15 years and over","Percent","239","units","0","v1063546732","7.10.3.1","57.6","","","","1"
"2023","Ontario","2021A000235","Employment rate","Women+","15 years and over","Percent","239","units","0","v1063546732","7.10.3.1","57.7","","","","1"
"2024","Ontario","2021A000235","Employment rate","Women+","15 years and over","Percent","239","units","0","v1063546732","7.10.3.1","56.9","","","","1"
"2020","Manitoba","2021A000246","Unemployment rate","Total - Gender","15 years and over","Percent","239","units","0","v1063547348","8.8.1.1","8.1","","","","1"
"2021","Manitoba","2021A000246","Unemployment rate","Total - Gender","15 years and over","Percent","239","units","0","v1063547348","8.8.1.1","6.5","","","","1"
"2022","Manitoba","2021A000246","Unemployment rate","Total - Gender","15 years and over","Percent","239","units","0","v1063547348","8.8.1.1","4.5","","","","1"
"2023","Manitoba","2021A000246","Unemployment rate","Total - Gender","15 years and over","Percent","239","units","0","v1063547348","8.8.1.1","4.9","","","","1"
"2024","Manitoba","2021A000246","Unemployment rate","Total - Gender","15 years and over","Percent","239","units","0","v1063547348","8.8.1.1","5.4","","","","1"
"2020","Manitoba","2021A000246","Unemployment rate","Men+","15 years and over","Percent","239","units","0","v1063547370","8.8.2.1","8.4","","","","1"
"2021","Manitoba","2021A000246","Unemployment rate","Men+","15 years and over","Percent","239","units","0","v1063547370","8.8.2.1","6.4","","","","1"
"2022","Manitoba","2021A000246","Unemployment rate","Men+","15 years and over","Percent","239","units","0","v1063547370","8.8.2.1","4.5","","","","1"
"2023","Manitoba","2021A000246","Unemployment rate","Men+","15 years and over","Percent","239","units","0","v1063547370","8.8.2.1","5.0","","","","1"
"2024","Manitoba","2021A000246","Unemployment rate","Men+","15 years and over","Percent","239","units","0","v1063547370","8.8.2.1","5.9","","","","1"
"2020","Manitoba","2021A000246","Unemployment rate","Women+","15 years and over","Percent","239","units","0","v1063547392","8.8.3.1","7.8","","","","1"
"2021","Manitoba","2021A000246","Unemployment rate","Women+","15 years and over","Percent","239","units","0","v1063547392","8.8.3.1","6.5","","","","1"
"2022","Manitoba","2021A000246","Unemployment rate","Women+","15 years and over","Percent","239","units","0","v1063547392","8.8.3.1","4.5","","","","1"
"2023","Manitoba","2021A000246","Unemployment rate","Women+","15 years and over","Percent","239","units","0","v1063547392","8.8.3.1","4.8","","","","1"
"2024","Manitoba","2021A000246","Unemployment rate","Women+","15 years and over","Percent","239","units","0","v1063547392","8.8.3.1","5.0","","","","1"
"2020","Manitoba","2021A000246","Participation rate","Total - Gender","15 years and over","Percent","239","units","0","v1063547414","8.9.1.1","65.7","","","","1"
"2021","Manitoba","2021A000246","Participation rate","Total - Gender","15 years and over","Percent","239","units","0","v1063547414","8.9.1.1","66.8","","","","1"
"2022","Manitoba","2021A000246","Participation rate","Total - Gender","15 years and over","Percent","239","units","0","v1063547414","8.9.1.1","66.7","","","","1"
"2023","Manitoba","2021A000246","Participation rate","Total - Gender","15 years and over","Percent","239","units","0","v1063547414","8.9.1.1","67.1","","","","1"
"2024","Manitoba","2021A000246","Participation rate","Total - Gender","15 years and over","Percent","239","units","0","v1063547414","8.9.1.1","66.8","","","","1"
"2020","Manitoba","2021A000246","Participation rate","Men+","15 years and over","Percent","239","units","0","v1063547436","8.9.2.1","71.2","","","","1"
"2021","Manitoba","2021A000246","Participation rate","Men+","15 years and over","Percent","239","units","0","v1063547436","8.9.2.1","72.0","","","","1"
"2022","Manitoba","2021A000246","Participation rate","Men+","15 years and over","Percent","239","units","0","v1063547436","8.9.2.1","71.1","","","","1"
"2023","Manitoba","2021A000246","Participation rate","Men+","15 years and over","Percent","239","units","0","v1063547436","8.9.2.1","71.7","","","","1"
"2024","Manitoba","2021A000246","Participation rate","Men+","15 years and over","Percent","239","units","0","v1063547436","8.9.2.1","71.5","","","","1"
"2020","Manitoba","2021A000246","Participation rate","Women+","15 years and over","Percent","239","units","0","v1063547458","8.9.3.1","60.2","","","","1"
"2021","Manitoba","2021A000246","Participation rate","Women+","15 years and over","Percent","239","units","0","v1063547458","8.9.3.1","61.6","","","","1"
"2022","Manitoba","2021A000246","Participation rate","Women+","15 years and over","Percent","239","units","0","v1063547458","8.9.3.1","62.4","","","","1"
"2023","Manitoba","2021A000246","Participation rate","Women+","15 years and over","Percent","239","units","0","v1063547458","8.9.3.1","62.5","","","","1"
"2024","Manitoba","2021A000246","Participation rate","Women+","15 years and over","Percent","239","units","0","v1063547458","8.9.3.1","62.0","","","","1"
"2020","Manitoba","2021A000246","Employment rate","Total - Gender","15 years and over","Percent","239","units","0","v1063547480","8.10.1.1","60.3","","","","1"
"2021","Manitoba","2021A000246","Employment rate","Total - Gender","15 years and over","Percent","239","units","0","v1063547480","8.10.1.1","62.5","","","","1"
"2022","Manitoba","2021A000246","Employment rate","Total - Gender","15 years and over","Percent","239","units","0","v1063547480","8.10.1.1","63.7","","","","1"
"2023","Manitoba","2021A000246","Employment rate","Total - Gender","15 years and over","Percent","239","units","0","v1063547480","8.10.1.1","63.8","","","","1"
"2024","Manitoba","2021A000246","Employment rate","Total - Gender","15 years and over","Percent","239","units","0","v1063547480","8.10.1.1","63.1","","","","1"
"2020","Manitoba","2021A000246","Employment rate","Men+","15 years and over","Percent","239","units","0","v1063547502","8.10.2.1","65.2","","","","1"
"2021","Manitoba","2021A000246","Employment rate","Men+","15 years and over","Percent","239","units","0","v1063547502","8.10.2.1","67.3","","","","1"
"2022","Manitoba","2021A000246","Employment rate","Men+","15 years and over","Percent","239","units","0","v1063547502","8.10.2.1","67.8","","","","1"
"2023","Manitoba","2021A000246","Employment rate","Men+","15 years and over","Percent","239","units","0","v1063547502","8.10.2.1","68.1","","","","1"
"2024","Manitoba","2021A000246","Employment rate","Men+","15 years and over","Percent","239","units","0","v1063547502","8.10.2.1","67.2","","","","1"
"2020","Manitoba","2021A000246","Employment rate","Women+","15 years and over","Percent","239","units","0","v1063547524","8.10.3.1","55.5","","","","1"
"2021","Manitoba","2021A000246","Employment rate","Women+","15 years and over","Percent","239","units","0","v1063547524","8.10.3.1","57.6","","","","1"
"2022","Manitoba","2021A000246","Employment rate","Women+","15 years and over","Percent","239","units","0","v1063547524","8.10.3.1","59.6","","","","1"
"2023","Manitoba","2021A000246","Employment rate","Women+","15 years and over","Percent","239","units","0","v1063547524","8.10.3.1","59.5","","","","1"
"2024","Manitoba","2021A000246","Employment rate","Women+","15 years and over","Percent","239","units","0","v1063547524","8.10.3.1","58.9","","","","1"
"2020","Saskatchewan","2021A000247","Unemployment rate","Total - Gender","15 years and over","Percent","239","units","0","v1063548140","9.8.1.1","8.3","","","","1"
"2021","Saskatchewan","2021A000247","Unemployment rate","Total - Gender","15 years and over","Percent","239","units","0","v1063548140","9.8.1.1","6.5","","","","1"
"2022","Saskatchewan","2021A000247","Unemployment rate","Total - Gender","15 years and over","Percent","239","units","0","v1063548140","9.8.1.1","4.6","","","","1"
"2023","Saskatchewan","2021A000247","Unemployment rate","Total - Gender","15 years and over","Percent","239","units","0","v1063548140","9.8.1.1","4.7","","","","1"
"2024","Saskatchewan","2021A000247","Unemployment rate","Total - Gender","15 years and over","Percent","239","units","0","v1063548140","9.8.1.1","5.4","","","","1"
"2020","Saskatchewan","2021A000247","Unemployment rate","Men+","15 years and over","Percent","239","units","0","v1063548162","9.8.2.1","8.7","","","","1"
"2021","Saskatchewan","2021A000247","Unemployment rate","Men+","15 years and over","Percent","239","units","0","v1063548162","9.8.2.1","7.2","","","","1"
"2022","Saskatchewan","2021A000247","Unemployment rate","Men+","15 years and over","Percent","239","units","0","v1063548162","9.8.2.1","5.3","","","","1"
"2023","Saskatchewan","2021A000247","Unemployment rate","Men+","15 years and over","Percent","239","units","0","v1063548162","9.8.2.1","5.0","","","","1"
"2024","Saskatchewan","2021A000247","Unemployment rate","Men+","15 years and over","Percent","239","units","0","v1063548162","9.8.2.1","5.7","","","","1"
"2020","Saskatchewan","2021A000247","Unemployment rate","Women+","15 years and over","Percent","239","units","0","v1063548184","9.8.3.1","7.8","","","","1"
"2021","Saskatchewan","2021A000247","Unemployment rate","Women+","15 years and over","Percent","239","units","0","v1063548184","9.8.3.1","5.7","","","","1"
"2022","Saskatchewan","2021A000247","Unemployment rate","Women+","15 years and over","Percent","239","units","0","v1063548184","9.8.3.1","3.8","","","","1"
"2023","Saskatchewan","2021A000247","Unemployment rate","Women+","15 years and over","Percent","239","units","0","v1063548184","9.8.3.1","4.4","","","","1"
"2024","Saskatchewan","2021A000247","Unemployment rate","Women+","15 years and over","Percent","239","units","0","v1063548184","9.8.3.1","5.1","","","","1"
"2020","Saskatchewan","2021A000247","Participation rate","Total - Gender","15 years and over","Percent","239","units","0","v1063548206","9.9.1.1","67.3","","","","1"
"2021","Saskatchewan","2021A000247","Participation rate","Total - Gender","15 years and over","Percent","239","units","0","v1063548206","9.9.1.1","67.5","","","","1"
"2022","Saskatchewan","2021A000247","Participation rate","Total - Gender","15 years and over","Percent","239","units","0","v1063548206","9.9.1.1","67.7","","","","1"
"2023","Saskatchewan","2021A000247","Participation rate","Total - Gender","15 years and over","Percent","239","units","0","v1063548206","9.9.1.1","67.2","","","","1"
"2024","Saskatchewan","2021A000247","Participation rate","Total - Gender","15 years and over","Percent","239","units","0","v1063548206","9.9.1.1","67.4","","","","1"
"2020","Saskatchewan","2021A000247","Participation rate","Men+","15 years and over","Percent","239","units","0","v1063548228","9.9.2.1","72.6","","","","1"
"2021","Saskatchewan","2021A000247","Participation rate","Men+","15 years and over","Percent","239","units","0","v1063548228","9.9.2.1","72.9","","","","1"
"2022","Saskatchewan","2021A000247","Participation rate","Men+","15 years and over","Percent","239","units","0","v1063548228","9.9.2.1","72.3","","","","1"
"2023","Saskatchewan","2021A000247","Participation rate","Men+","15 years and over","Percent","239","units","0","v1063548228","9.9.2.1","71.7","","","","1"
"2024","Saskatchewan","2021A000247","Participation rate","Men+","15 years and over","Percent","239","units","0","v1063548228","9.9.2.1","72.1","","","","1"
"2020","Saskatchewan","2021A000247","Participation rate","Women+","15 years and over","Percent","239","units","0","v1063548250","9.9.3.1","61.9","","","","1"
"2021","Saskatchewan","2021A000247","Participation rate","Women+","15 years and over","Percent","239","units","0","v1063548250","9.9.3.1","62.0","","","","1"
"2022","Saskatchewan","2021A000247","Participation rate","Women+","15 years and over","Percent","239","units","0","v1063548250","9.9.3.1","63.1","","","","1"
"2023","Saskatchewan","2021A000247","Participation rate","Women+","15 years and over","Percent","239","units","0","v1063548250","9.9.3.1","62.7","","","","1"
"2024","Saskatchewan","2021A000247","Participation rate","Women+","15 years and over","Percent","239","units","0","v1063548250","9.9.3.1","62.6","","","","1"
"2020","Saskatchewan","2021A000247","Employment rate","Total - Gender","15 years and over","Percent","239","units","0","v1063548272","9.10.1.1","61.7","","","","1"
"2021","Saskatchewan","2021A000247","Employment rate","Total - Gender","15 years and over","Percent","239","units","0","v1063548272","9.10.1.1","63.1","","","","1"
"2022","Saskatchewan","2021A000247","Employment rate","Total - Gender","15 years and over","Percent","239","units","0","v1063548272","9.10.1.1","64.6","","","","1"
"2023","Saskatchewan","2021A000247","Employment rate","Total - Gender","15 years and over","Percent","239","units","0","v1063548272","9.10.1.1","64.0","","","","1"
"2024","Saskatchewan","2021A000247","Employment rate","Total - Gender","15 years and over","Percent","239","units","0","v1063548272","9.10.1.1","63.7","","","","1"
"2020","Saskatchewan","2021A000247","Employment rate","Men+","15 years and over","Percent","239","units","0","v1063548294","9.10.2.1","66.2","","","","1"
"2021","Saskatchewan","2021A000247","Employment rate","Men+","15 years and over","Percent","239","units","0","v1063548294","9.10.2.1","67.7","","","","1"
"2022","Saskatchewan","2021A000247","Employment rate","Men+","15 years and over","Percent","239","units","0","v1063548294","9.10.2.1","68.5","","","","1"
"2023","Saskatchewan","2021A000247","Employment rate","Men+","15 years and over","Percent","239","units","0","v1063548294","9.10.2.1","68.0","","","","1"
"2024","Saskatchewan","2021A000247","Employment rate","Men+","15 years and over","Percent","239","units","0","v1063548294","9.10.2.1","68.0","","","","1"
"2020","Saskatchewan","2021A000247","Employment rate","Women+","15 years and over","Percent","239","units","0","v1063548316","9.10.3.1","57.0","","","","1"
"2021","Saskatchewan","2021A000247","Employment rate","Women+","15 years and over","Percent","239","units","0","v1063548316","9.10.3.1","58.5","","","","1"
"2022","Saskatchewan","2021A000247","Employment rate","Women+","15 years and over","Percent","239","units","0","v1063548316","9.10.3.1","60.7","","","","1"
"2023","Saskatchewan","2021A000247","Employment rate","Women+","15 years and over","Percent","239","units","0","v1063548316","9.10.3.1","60.0","","","","1"
"2024","Saskatchewan","2021A000247","Employment rate","Women+","15 years and over","Percent","239","units","0","v1063548316","9.10.3.1","59.4","","","","1"
"2020","Alberta","2021A000248","Unemployment rate","Total - Gender","15 years and over","Percent","239","units","0","v1063548932","10.8.1.1","11.4","","","","1"
"2021","Alberta","2021A000248","Unemployment rate","Total - Gender","15 years and over","Percent","239","units","0","v1063548932","10.8.1.1","8.6","","","","1"
"2022","Alberta","2021A000248","Unemployment rate","Total - Gender","15 years and over","Percent","239","units","0","v1063548932","10.8.1.1","5.8","","","","1"
"2023","Alberta","2021A000248","Unemployment rate","Total - Gender","15 years and over","Percent","239","units","0","v1063548932","10.8.1.1","5.9","","","","1"
"2024","Alberta","2021A000248","Unemployment rate","Total - Gender","15 years and over","Percent","239","units","0","v1063548932","10.8.1.1","7.0","","","","1"
"2020","Alberta","2021A000248","Unemployment rate","Men+","15 years and over","Percent","239","units","0","v1063548954","10.8.2.1","11.6","","","","1"
"2021","Alberta","2021A000248","Unemployment rate","Men+","15 years and over","Percent","239","units","0","v1063548954","10.8.2.1","8.7","","","","1"
"2022","Alberta","2021A000248","Unemployment rate","Men+","15 years and over","Percent","239","units","0","v1063548954","10.8.2.1","5.7","","","","1"
"2023","Alberta","2021A000248","Unemployment rate","Men+","15 years and over","Percent","239","units","0","v1063548954","10.8.2.1","5.9","","","","1"
"2024","Alberta","2021A000248","Unemployment rate","Men+","15 years and over","Percent","239","units","0","v1063548954","10.8.2.1","7.0","","","","1"
"2020","Alberta","2021A000248","Unemployment rate","Women+","15 years and over","Percent","239","units","0","v1063548976","10.8.3.1","11.1","","","","1"
"2021","Alberta","2021A000248","Unemployment rate","Women+","15 years and over","Percent","239","units","0","v1063548976","10.8.3.1","8.5","","","","1"
"2022","Alberta","2021A000248","Unemployment rate","Women+","15 years and over","Percent","239","units","0","v1063548976","10.8.3.1","6.0","","","","1"
"2023","Alberta","2021A000248","Unemployment rate","Women+","15 years and over","Percent","239","units","0","v1063548976","10.8.3.1","5.9","","","","1"
"2024","Alberta","2021A000248","Unemployment rate","Women+","15 years and over","Percent","239","units","0","v1063548976","10.8.3.1","7.0","","","","1"
"2020","Alberta","2021A000248","Participation rate","Total - Gender","15 years and over","Percent","239","units","0","v1063548998","10.9.1.1","68.9","","","","1"
"2021","Alberta","2021A000248","Participation rate","Total - Gender","15 years and over","Percent","239","units","0","v1063548998","10.9.1.1","69.7","","","","1"
"2022","Alberta","2021A000248","Participation rate","Total - Gender","15 years and over","Percent","239","units","0","v1063548998","10.9.1.1","69.6","","","","1"
"2023","Alberta","2021A000248","Participation rate","Total - Gender","15 years and over","Percent","239","units","0","v1063548998","10.9.1.1","69.5","","","","1"
"2024","Alberta","2021A000248","Participation rate","Total - Gender","15 years and over","Percent","239","units","0","v1063548998","10.9.1.1","69.2","","","","1"
"2020","Alberta","2021A000248","Participation rate","Men+","15 years and over","Percent","239","units","0","v1063549020","10.9.2.1","74.7","","","","1"
"2021","Alberta","2021A000248","Participation rate","Men+","15 years and over","Percent","239","units","0","v1063549020","10.9.2.1","74.6","","","","1"
"2022","Alberta","2021A000248","Participation rate","Men+","15 years and over","Percent","239","units","0","v1063549020","10.9.2.1","73.7","","","","1"
"2023","Alberta","2021A000248","Participation rate","Men+","15 years and over","Percent","239","units","0","v1063549020","10.9.2.1","74.2","","","","1"
"2024","Alberta","2021A000248","Participation rate","Men+","15 years and over","Percent","239","units","0","v1063549020","10.9.2.1","74.1","","","","1"
"2020","Alberta","2021A000248","Participation rate","Women+","15 years and over","Percent","239","units","0","v1063549042","10.9.3.1","63.1","","","","1"
"2021","Alberta","2021A000248","Participation rate","Women+","15 years and over","Percent","239","units","0","v1063549042","10.9.3.1","64.7","","","","1"
"2022","Alberta","2021A000248","Participation rate","Women+","15 years and over","Percent","239","units","0","v1063549042","10.9.3.1","65.5","","","","1"
"2023","Alberta","2021A000248","Participation rate","Women+","15 years and over","Percent","239","units","0","v1063549042","10.9.3.1","64.8","","","","1"
"2024","Alberta","2021A000248","Participation rate","Women+","15 years and over","Percent","239","units","0","v1063549042","10.9.3.1","64.3","","","","1"
"2020","Alberta","2021A000248","Employment rate","Total - Gender","15 years and over","Percent","239","units","0","v1063549064","10.10.1.1","61.1","","","","1"
"2021","Alberta","2021A000248","Employment rate","Total - Gender","15 years and over","Percent","239","units","0","v1063549064","10.10.1.1","63.7","","","","1"
"2022","Alberta","2021A000248","Employment rate","Total - Gender","15 years and over","Percent","239","units","0","v1063549064","10.10.1.1","65.5","","","","1"
"2023","Alberta","2021A000248","Employment rate","Total - Gender","15 years and over","Percent","239","units","0","v1063549064","10.10.1.1","65.4","","","","1"
"2024","Alberta","2021A000248","Employment rate","Total - Gender","15 years and over","Percent","239","units","0","v1063549064","10.10.1.1","64.4","","","","1"
"2020","Alberta","2021A000248","Employment rate","Men+","15 years and over","Percent","239","units","0","v1063549086","10.10.2.1","66.0","","","","1"
"2021","Alberta","2021A000248","Employment rate","Men+","15 years and over","Percent","239","units","0","v1063549086","10.10.2.1","68.1","","","","1"
"2022","Alberta","2021A000248","Employment rate","Men+","15 years and over","Percent","239","units","0","v1063549086","10.10.2.1","69.5","","","","1"
"2023","Alberta","2021A000248","Employment rate","Men+","15 years and over","Percent","239","units","0","v1063549086","10.10.2.1","69.8","","","","1"
"2024","Alberta","2021A000248","Employment rate","Men+","15 years and over","Percent","239","units","0","v1063549086","10.10.2.1","68.9","","","","1"
"2020","Alberta","2021A000248","Employment rate","Women+","15 years and over","Percent","239","units","0","v1063549108","10.10.3.1","56.0","","","","1"
"2021","Alberta","2021A000248","Employment rate","Women+","15 years and over","Percent","239","units","0","v1063549108","10.10.3.1","59.2","","","","1"
"2022","Alberta","2021A000248","Employment rate","Women+","15 years and over","Percent","239","units","0","v1063549108","10.10.3.1","61.5","","","","1"
"2023","Alberta","2021A000248","Employment rate","Women+","15 years and over","Percent","239","units","0","v1063549108","10.10.3.1","61.0","","","","1"
"2024","Alberta","2021A000248","Employment rate","Women+","15 years and over","Percent","239","units","0","v1063549108","10.10.3.1","59.9","","","","1"
"2020","British Columbia","2021A000259","Unemployment rate","Total - Gender","15 years and over","Percent","239","units","0","v1063549724","11.8.1.1","9.1","","","","1"
"2021","British Columbia","2021A000259","Unemployment rate","Total - Gender","15 years and over","Percent","239","units","0","v1063549724","11.8.1.1","6.6","","","","1"
"2022","British Columbia","2021A000259","Unemployment rate","Total - Gender","15 years and over","Percent","239","units","0","v1063549724","11.8.1.1","4.6","","","","1"
"2023","British Columbia","2021A000259","Unemployment rate","Total - Gender","15 years and over","Percent","239","units","0","v1063549724","11.8.1.1","5.2","","","","1"
"2024","British Columbia","2021A000259","Unemployment rate","Total - Gender","15 years and over","Percent","239","units","0","v1063549724","11.8.1.1","5.6","","","","1"
"2020","British Columbia","2021A000259","Unemployment rate","Men+","15 years and over","Percent","239","units","0","v1063549746","11.8.2.1","9.2","","","","1"
"2021","British Columbia","2021A000259","Unemployment rate","Men+","15 years and over","Percent","239","units","0","v1063549746","11.8.2.1","6.5","","","","1"
"2022","British Columbia","2021A000259","Unemployment rate","Men+","15 years and over","Percent","239","units","0","v1063549746","11.8.2.1","4.9","","","","1"
"2023","British Columbia","2021A000259","Unemployment rate","Men+","15 years and over","Percent","239","units","0","v1063549746","11.8.2.1","5.2","","","","1"
"2024","British Columbia","2021A000259","Unemployment rate","Men+","15 years and over","Percent","239","units","0","v1063549746","11.8.2.1","5.5","","","","1"
"2020","British Columbia","2021A000259","Unemployment rate","Women+","15 years and over","Percent","239","units","0","v1063549768","11.8.3.1","9.1","","","","1"
"2021","British Columbia","2021A000259","Unemployment rate","Women+","15 years and over","Percent","239","units","0","v1063549768","11.8.3.1","6.6","","","","1"
"2022","British Columbia","2021A000259","Unemployment rate","Women+","15 years and over","Percent","239","units","0","v1063549768","11.8.3.1","4.4","","","","1"
"2023","British Columbia","2021A000259","Unemployment rate","Women+","15 years and over","Percent","239","units","0","v1063549768","11.8.3.1","5.2","","","","1"
"2024","British Columbia","2021A000259","Unemployment rate","Women+","15 years and over","Percent","239","units","0","v1063549768","11.8.3.1","5.7","","","","1"
"2020","British Columbia","2021A000259","Participation rate","Total - Gender","15 years and over","Percent","239","units","0","v1063549790","11.9.1.1","64.5","","","","1"
"2021","British Columbia","2021A000259","Participation rate","Total - Gender","15 years and over","Percent","239","units","0","v1063549790","11.9.1.1","65.9","","","","1"
"2022","British Columbia","2021A000259","Participation rate","Total - Gender","15 years and over","Percent","239","units","0","v1063549790","11.9.1.1","65.5","","","","1"
"2023","British Columbia","2021A000259","Participation rate","Total - Gender","15 years and over","Percent","239","units","0","v1063549790","11.9.1.1","65.8","","","","1"
"2024","British Columbia","2021A000259","Participation rate","Total - Gender","15 years and over","Percent","239","units","0","v1063549790","11.9.1.1","65.2","","","","1"
"2020","British Columbia","2021A000259","Participation rate","Men+","15 years and over","Percent","239","units","0","v1063549812","11.9.2.1","69.0","","","","1"
"2021","British Columbia","2021A000259","Participation rate","Men+","15 years and over","Percent","239","units","0","v1063549812","11.9.2.1","70.5","","","","1"
"2022","British Columbia","2021A000259","Participation rate","Men+","15 years and over","Percent","239","units","0","v1063549812","11.9.2.1","69.3","","","","1"
"2023","British Columbia","2021A000259","Participation rate","Men+","15 years and over","Percent","239","units","0","v1063549812","11.9.2.1","69.7","","","","1"
"2024","British Columbia","2021A000259","Participation rate","Men+","15 years and over","Percent","239","units","0","v1063549812","11.9.2.1","69.6","","","","1"
"2020","British Columbia","2021A000259","Participation rate","Women+","15 years and over","Percent","239","units","0","v1063549834","11.9.3.1","60.1","","","","1"
"2021","British Columbia","2021A000259","Participation rate","Women+","15 years and over","Percent","239","units","0","v1063549834","11.9.3.1","61.5","","","","1"
"2022","British Columbia","2021A000259","Participation rate","Women+","15 years and over","Percent","239","units","0","v1063549834","11.9.3.1","61.9","","","","1"
"2023","British Columbia","2021A000259","Participation rate","Women+","15 years and over","Percent","239","units","0","v1063549834","11.9.3.1","62.0","","","","1"
"2024","British Columbia","2021A000259","Participation rate","Women+","15 years and over","Percent","239","units","0","v1063549834","11.9.3.1","61.0","","","","1"
"2020","British Columbia","2021A000259","Employment rate","Total - Gender","15 years and over","Percent","239","units","0","v1063549856","11.10.1.1","58.6","","","","1"
"2021","British Columbia","2021A000259","Employment rate","Total - Gender","15 years and over","Percent","239","units","0","v1063549856","11.10.1.1","61.6","","","","1"
"2022","British Columbia","2021A000259","Employment rate","Total - Gender","15 years and over","Percent","239","units","0","v1063549856","11.10.1.1","62.5","","","","1"
"2023","British Columbia","2021A000259","Employment rate","Total - Gender","15 years and over","Percent","239","units","0","v1063549856","11.10.1.1","62.4","","","","1"
"2024","British Columbia","2021A000259","Employment rate","Total - Gender","15 years and over","Percent","239","units","0","v1063549856","11.10.1.1","61.6","","","","1"
"2020","British Columbia","2021A000259","Employment rate","Men+","15 years and over","Percent","239","units","0","v1063549878","11.10.2.1","62.6","","","","1"
"2021","British Columbia","2021A000259","Employment rate","Men+","15 years and over","Percent","239","units","0","v1063549878","11.10.2.1","65.9","","","","1"
"2022","British Columbia","2021A000259","Employment rate","Men+","15 years and over","Percent","239","units","0","v1063549878","11.10.2.1","65.9","","","","1"
"2023","British Columbia","2021A000259","Employment rate","Men+","15 years and over","Percent","239","units","0","v1063549878","11.10.2.1","66.1","","","","1"
"2024","British Columbia","2021A000259","Employment rate","Men+","15 years and over","Percent","239","units","0","v1063549878","11.10.2.1","65.8","","","","1"
"2020","British Columbia","2021A000259","Employment rate","Women+","15 years and over","Percent","239","units","0","v1063549900","11.10.3.1","54.7","","","","1"
"2021","British Columbia","2021A000259","Employment rate","Women+","15 years and over","Percent","239","units","0","v1063549900","11.10.3.1","57.4","","","","1"
"2022","British Columbia","2021A000259","Employment rate","Women+","15 years and over","Percent","239","units","0","v1063549900","11.10.3.1","59.1","","","","1"
"2023","British Columbia","2021A000259","Employment rate","Women+","15 years and over","Percent","239","units","0","v1063549900","11.10.3.1","58.8","","","","1"
"2024","British Columbia","2021A000259","Employment rate","Women+","15 years and over","Percent","239","units","0","v1063549900","11.10.3.1","57.5","","","","1"


